{
    "max_learning_rate": 0.01,
    "min_learning_rate": 1e-05,
    "activation_funcs": [
        "relu",
        "relu",
        "tanh"
    ],
    "layers_amount": 4,
    "weights": [
        [
            [
                0.3240818535949071,
                1.3495407081948105
            ],
            [
                1.1321314216833682,
                -0.2769310231330873
            ],
            [
                -1.7208538679938876,
                1.573514619723672
            ],
            [
                1.2166757845590361,
                0.0023397031741814365
            ]
        ],
        [
            [
                -0.6942822211178283,
                1.0200581925263152,
                1.896154854749628,
                0.8755339688301671
            ],
            [
                -0.20532772591983814,
                0.09411652758749336,
                1.1046195742941574,
                0.6495190451957774
            ],
            [
                0.6055099850419866,
                -0.16965850192644594,
                -0.35810460068823186,
                0.2473629284307898
            ],
            [
                -0.14521991509199159,
                0.6778823461058745,
                0.9258746086948201,
                0.37095523218167326
            ]
        ],
        [
            [
                0.61029025185063,
                -0.013080841997383498,
                -1.1971373206810303,
                -0.03976392515118625
            ]
        ]
    ],
    "bias": [
        [
            [
                -0.27326349734871863
            ],
            [
                0.6578760378040825
            ],
            [
                0.14820296116864456
            ],
            [
                0.429492283963177
            ]
        ],
        [
            [
                1.2975618697154532
            ],
            [
                0.6305262724440835
            ],
            [
                -0.08518841047068194
            ],
            [
                0.37403914502285707
            ]
        ],
        [
            [
                -0.8282819940638958
            ]
        ]
    ]
}